customer_id,first_name,last_name,phone,email,street,city,state,zip_code
10,Pamelia,Newman,NULL,pamelia.newman@gmail.com,"476 Chestnut Ave. ",Monroe,NY,10950
15,Linnie,Branch,NULL,linnie.branch@gmail.com,"314 South Columbia Ave. ",Plattsburgh,NY,12901
21,Tobie,Little,NULL,tobie.little@gmail.com,"10 Silver Spear Dr. ",Victoria,TX,77904
22,Adelle,Larsen,NULL,adelle.larsen@gmail.com,"683 West Kirkland Dr. ","East Northport",NY,11731
25,Regenia,Vaughan,NULL,regenia.vaughan@gmail.com,"44 Stonybrook Street ",Mahopac,NY,10541
26,Theo,Reese,"(562) 215-2907",theo.reese@gmail.com,"8755 W. Wild Horse St. ","Long Beach",NY,11561
30,Jamaal,Albert,NULL,jamaal.albert@gmail.com,"853 Stonybrook Street ",Torrance,CA,90505
37,Melia,Brady,NULL,melia.brady@gmail.com,"907 Shirley Rd. ",Maspeth,NY,11378
40,Ronna,Butler,NULL,ronna.butler@gmail.com,"9438 Plymouth Court ",Encino,CA,91316
46,Monika,Berg,NULL,monika.berg@gmail.com,"369 Vernon Dr. ",Encino,CA,91316
48,Cesar,Jackson,NULL,cesar.jackson@gmail.com,"8068 N. Griffin Ave. ",Liverpool,NY,13090
50,Cleotilde,Booth,NULL,cleotilde.booth@gmail.com,"17 Corona St. ","Sugar Land",TX,77478
53,Saturnina,Garner,NULL,saturnina.garner@gmail.com,"8538 Fairground St. ",Glendora,CA,91740
59,Latasha,Stanley,NULL,latasha.stanley@gmail.com,"8068 Fordham Drive ","Rockville Centre",NY,11570
60,Neil,Mccall,NULL,neil.mccall@gmail.com,"7476 Oakland Dr. ","San Carlos",CA,94070
65,Kanesha,Vega,NULL,kanesha.vega@gmail.com,"771 E. Oxford Drive ",Rome,NY,13440
67,Tommie,Melton,"(916) 802-2952",tommie.melton@gmail.com,"8 West Old York St. ",Sacramento,CA,95820
69,Katelin,Kennedy,NULL,katelin.kennedy@gmail.com,"286 Myrtle Lane ",Rocklin,CA,95677
77,Keri,Bridges,NULL,keri.bridges@gmail.com,"8504 Brickell Ave. ",Richardson,TX,75080
88,Titus,Bullock,NULL,titus.bullock@gmail.com,"29 Oxford Avenue ",Hollis,NY,11423
89,Arvilla,Osborn,NULL,arvilla.osborn@gmail.com,"60 Acacia Lane ",Upland,CA,91784
102,Marisol,Goodman,NULL,marisol.goodman@gmail.com,"864 East Cherry St. ",Canandaigua,NY,14424
104,Katharina,Bates,NULL,katharina.bates@gmail.com,"54 South Greenview Drive ",Campbell,CA,95008
113,Eliana,Silva,NULL,eliana.silva@gmail.com,"7119 Summer Rd. ",Farmingdale,NY,11735
115,Rey,Lindsay,NULL,rey.lindsay@gmail.com,"16 Philmont St. ",Monroe,NY,10950
116,Merlene,Vinson,NULL,merlene.vinson@gmail.com,"431 Vine Dr. ",Euless,TX,76039
120,Luz,House,"(559) 114-2580",luz.house@gmail.com,"491 Railroad Street ",Fresno,CA,93706
121,Lucy,Woods,NULL,lucy.woods@gmail.com,"8437 West Rockaway St. ","Palos Verdes Peninsula",CA,90274
124,Jeni,Booker,NULL,jeni.booker@gmail.com,"546 Railroad Dr. ","South El Monte",CA,91733
141,Ramiro,Byers,NULL,ramiro.byers@gmail.com,"16 Pleasant St. ","Saint Albans",NY,11412
143,Janae,Doyle,NULL,janae.doyle@gmail.com,"760 Rose Ave. ","Jackson Heights",NY,11372
146,Stefany,Potter,NULL,stefany.potter@gmail.com,"256 South Academy St. ","Saratoga Springs",NY,12866
160,Omer,Estrada,NULL,omer.estrada@gmail.com,"9 Honey Creek Street ",Rowlett,TX,75088
170,Regine,Gonzales,"(805) 763-4045",regine.gonzales@gmail.com,"798 Court Drive ",Oxnard,CA,93035
173,Marquerite,Dawson,NULL,marquerite.dawson@gmail.com,"37 Hamilton Court ",Garland,TX,75043
176,Carley,Reynolds,NULL,carley.reynolds@gmail.com,"2 Snake Hill Drive ","South El Monte",CA,91733
178,Genoveva,Tyler,"(212) 152-6381",genoveva.tyler@gmail.com,"8121 Windfall Ave. ","New York",NY,10002
180,Karey,Steele,NULL,karey.steele@gmail.com,"8879 Kent Lane ",Farmingdale,NY,11735
181,Olevia,Pitts,NULL,olevia.pitts@gmail.com,"39 Fieldstone Drive ","Redondo Beach",CA,90278
183,Jeniffer,Ratliff,NULL,jeniffer.ratliff@gmail.com,"510 Rocky River Court ","Floral Park",NY,11001
192,Bong,Hebert,NULL,bong.hebert@gmail.com,"545 Brook St. ",Torrance,CA,90505
198,Luis,Tyler,NULL,luis.tyler@gmail.com,"9568 Campfire Circle ",Amarillo,TX,79106
201,Candis,Harding,NULL,candis.harding@gmail.com,"33 NW. Cambridge Ave. ","Ballston Spa",NY,12020
209,Jutta,Everett,NULL,jutta.everett@gmail.com,"27 Taylor Ave. ",Selden,NY,11784
218,Casey,Gill,NULL,casey.gill@gmail.com,"636 Prospect Avenue ","Port Washington",NY,11050
220,Lucio,Sherman,NULL,lucio.sherman@gmail.com,"842 Corona Ave. ",Smithtown,NY,11787
226,Kiana,Rivera,NULL,kiana.rivera@gmail.com,"9 Sheffield Dr. ","Richmond Hill",NY,11418
228,Whitney,Estes,"(631) 315-4020",whitney.estes@gmail.com,"454 Bear Hill Street ",Brentwood,NY,11717
235,Jeromy,Elliott,NULL,jeromy.elliott@gmail.com,"7112 Laurel Street ","Bay Shore",NY,11706
242,Rutha,Howell,NULL,rutha.howell@gmail.com,"9247 Jones Street ","Canyon Country",CA,91387
247,Muriel,Juarez,NULL,muriel.juarez@gmail.com,"8073 Cemetery Drive ","Palos Verdes Peninsula",CA,90274
250,Ivonne,Yang,"(915) 181-1950",ivonne.yang@gmail.com,"7359 North Lake View St. ","El Paso",TX,79930
254,Cristobal,Hutchinson,NULL,cristobal.hutchinson@gmail.com,"58 Washington Avenue ",Lawndale,CA,90260
256,Erma,Salinas,NULL,erma.salinas@gmail.com,"347 Sheffield St. ",Merrick,NY,11566
257,Earl,Stanley,NULL,earl.stanley@gmail.com,"569 Lake Lane ",Elmhurst,NY,11373
262,Rubin,Decker,"(716) 950-9835",rubin.decker@gmail.com,"9875 Shady Ave. ",Buffalo,NY,14215
264,Mariela,Huffman,NULL,mariela.huffman@gmail.com,"531 Fieldstone Road ","Garden City",NY,11530
266,Myung,Hooper,NULL,myung.hooper@gmail.com,"951 Mill Road ",Elmont,NY,11003
273,Queenie,Vance,NULL,queenie.vance@gmail.com,"172 Arcadia Ave. ","Ozone Park",NY,11417
274,Josh,Shaw,NULL,josh.shaw@gmail.com,"212 North Leeton Ridge Street ","Hopewell Junction",NY,12533
278,Myesha,Burgess,NULL,myesha.burgess@gmail.com,"306 Trenton Rd. ",Campbell,CA,95008
285,Leola,Gould,NULL,leola.gould@gmail.com,"8 Kirkland St. ",Astoria,NY,11102
286,Virgil,Frost,NULL,virgil.frost@gmail.com,"9798 Beacon St. ",Levittown,NY,11756
290,Barry,Buckner,NULL,barry.buckner@gmail.com,"8779 High Noon Rd. ",Centereach,NY,11720
291,Boyce,Burks,NULL,boyce.burks@gmail.com,"879 Harvey Dr. ",Sunnyside,NY,11104
297,Christia,Carson,NULL,christia.carson@gmail.com,"220 Orchard Street ",Helotes,TX,78023
298,Jennie,Middleton,NULL,jennie.middleton@gmail.com,"95 High Noon Dr. ",Upland,CA,91784
302,Hayden,Cross,NULL,hayden.cross@gmail.com,"90 Pumpkin Hill St. ","Apple Valley",CA,92307
304,Jayme,Zamora,NULL,jayme.zamora@gmail.com,"2 Ridge Lane ","Springfield Gardens",NY,11413
310,Gilberto,Parsons,NULL,gilberto.parsons@gmail.com,"8115 North Edgewater Drive ","Middle Village",NY,11379
328,Bettie,Glover,NULL,bettie.glover@gmail.com,"9083 Addison Dr. ",Euless,TX,76039
332,Reena,Higgins,NULL,reena.higgins@gmail.com,"900 South Columbia Street ","Canyon Country",CA,91387
338,Abbey,Pugh,NULL,abbey.pugh@gmail.com,"26 Market Drive ","Forest Hills",NY,11375
340,Yanira,Bradshaw,NULL,yanira.bradshaw@gmail.com,"7484 Ann Court ",Smithtown,NY,11787
346,Jacalyn,Barnett,NULL,jacalyn.barnett@gmail.com,"7537 Swanson Street ",Maspeth,NY,11378
347,Kanesha,Hudson,"(510) 788-7298",kanesha.hudson@gmail.com,"8293 Gartner Drive ",Oakland,CA,94603
349,Mable,Pratt,NULL,mable.pratt@gmail.com,"254 SW. Temple Street ",Coachella,CA,92236
351,Margorie,Wynn,NULL,margorie.wynn@gmail.com,"707 Schoolhouse St. ",Monsey,NY,10952
352,Josef,Greer,NULL,josef.greer@gmail.com,"92 Summer Court ",Jamaica,NY,11432
363,Kaci,Gallegos,NULL,kaci.gallegos@gmail.com,"8573 Halifax St. ","Ballston Spa",NY,12020
371,Loni,Duncan,NULL,loni.duncan@gmail.com,"80 Saxton Lane ",Rosedale,NY,11422
375,Yan,Trevino,NULL,yan.trevino@gmail.com,"796 Jefferson Rd. ",Uniondale,NY,11553
377,Klara,Mosley,NULL,klara.mosley@gmail.com,"518 Devon Court ","Port Chester",NY,10573
389,Leif,Short,NULL,leif.short@gmail.com,"962 Carpenter Ave. ","San Angelo",TX,76901
391,Vernita,Ball,NULL,vernita.ball@gmail.com,"126 Arnold Dr. ","Los Banos",CA,93635
392,Cyndi,Bush,NULL,cyndi.bush@gmail.com,"18 Smoky Hollow Drive ",Elmhurst,NY,11373
394,Virgen,Clemons,NULL,virgen.clemons@gmail.com,"354 Cactus Drive ","South El Monte",CA,91733
401,Shaunda,Barnett,NULL,shaunda.barnett@gmail.com,"9366 San Carlos Lane ",Longview,TX,75604
406,Kerrie,O'neill,NULL,kerrie.o'neill@gmail.com,"69 Wellington Ave. ",Shirley,NY,11967
407,Dannette,Guerrero,NULL,dannette.guerrero@gmail.com,"68 Carriage Street ","San Pablo",CA,94806
410,Conception,Slater,NULL,conception.slater@gmail.com,"5 Sunset Street ",Bellmore,NY,11710
412,Dexter,Roberts,NULL,dexter.roberts@gmail.com,"84 Thatcher Court ",Sunnyside,NY,11104
435,Izola,Hobbs,NULL,izola.hobbs@gmail.com,"685 Beacon Dr. ",Woodhaven,NY,11421
436,Honey,Camacho,NULL,honey.camacho@gmail.com,"934 2nd St. ",Bayside,NY,11361
442,Alane,Munoz,"(914) 706-7576",alane.munoz@gmail.com,"8 Strawberry Dr. ",Yonkers,NY,10701
453,Courtney,Wyatt,NULL,courtney.wyatt@gmail.com,"369 Arrowhead St. ","Garden City",NY,11530
455,Sherita,Cherry,NULL,sherita.cherry@gmail.com,"9636 Old Cedarwood Street ",Liverpool,NY,13090
462,Efren,Oliver,NULL,efren.oliver@gmail.com,"9343 1st Rd. ",Nanuet,NY,10954
472,Myron,Ruiz,NULL,myron.ruiz@gmail.com,"45 Shadow Brook Lane ",Amityville,NY,11701
476,Christopher,Richardson,NULL,christopher.richardson@gmail.com,"7846 Windfall Dr. ","Santa Cruz",CA,95060
480,Garland,Weaver,NULL,garland.weaver@gmail.com,"7161 Goldfield Court ",Amsterdam,NY,12010
483,Gayla,Sims,NULL,gayla.sims@gmail.com,"98 Hall Street ",Lindenhurst,NY,11757
487,Grace,Madden,NULL,grace.madden@gmail.com,"606 East Rocky River St. ","San Pablo",CA,94806
489,Kirstie,Vazquez,NULL,kirstie.vazquez@gmail.com,"8006 Rockland Ave. ","Saratoga Springs",NY,12866
491,Celestine,Jacobs,NULL,celestine.jacobs@gmail.com,"87 Hanover Rd. ",Massapequa,NY,11758
493,Lise,Alvarado,NULL,lise.alvarado@gmail.com,"9816 Newcastle Dr. ",Hamburg,NY,14075
496,Shu,Mays,NULL,shu.mays@gmail.com,"996 St Margarets Lane ",Astoria,NY,11102
498,Edda,Young,NULL,edda.young@gmail.com,"50 S. Airport Street ","North Tonawanda",NY,14120
501,Tony,Hicks,"(657) 260-6783",tony.hicks@gmail.com,"226 Carriage Street ",Anaheim,CA,92806
503,Marlo,Jefferson,NULL,marlo.jefferson@gmail.com,"39 Trenton Rd. ","Niagara Falls",NY,14304
513,Whitney,Cash,NULL,whitney.cash@gmail.com,"8 Surrey Street ",Hamburg,NY,14075
521,Max,Charles,NULL,max.charles@gmail.com,"695 St Paul Street ","Glen Cove",NY,11542
523,Joshua,Robertson,NULL,joshua.robertson@gmail.com,"81 Campfire Court ",Patchogue,NY,11772
526,Lazaro,Moran,NULL,lazaro.moran@gmail.com,"83 E. Buttonwood Street ","Sugar Land",TX,77478
527,Afton,Juarez,NULL,afton.juarez@gmail.com,"8330 Riverview Drive ",Coram,NY,11727
536,Christiane,Bradford,NULL,christiane.bradford@gmail.com,"9043 Woodland Ave. ","Orchard Park",NY,14127
543,Jasmin,Young,NULL,jasmin.young@gmail.com,"337 Beach Street ",Helotes,TX,78023
547,Tena,Huber,NULL,tena.huber@gmail.com,"185 East Littleton St. ",Newburgh,NY,12550
553,Rory,Cooper,NULL,rory.cooper@gmail.com,"459 West Street ",Rocklin,CA,95677
554,Hilde,Nieves,NULL,hilde.nieves@gmail.com,"9437 Fordham Lane ",Campbell,CA,95008
557,Erlene,Cook,NULL,erlene.cook@gmail.com,"89 Blue Spring Street ","Mount Vernon",NY,10550
560,Tricia,Daniels,NULL,tricia.daniels@gmail.com,"8628 Crescent Court ",Forney,TX,75126
564,Bettie,Pierce,NULL,bettie.pierce@gmail.com,"787 North Vernon Lane ",Farmingdale,NY,11735
568,Arcelia,Vinson,NULL,arcelia.vinson@gmail.com,"40 Dogwood St. ","West Islip",NY,11795
575,Laurence,Christian,NULL,laurence.christian@gmail.com,"2 Maple St. ",Jamaica,NY,11432
576,Shirely,Stanley,"(915) 437-6113",shirely.stanley@gmail.com,"73 White Avenue ","El Paso",TX,79930
587,Euna,Lopez,NULL,euna.lopez@gmail.com,"7979 South Mountainview Ave. ",Carmel,NY,10512
591,Danilo,Holmes,NULL,danilo.holmes@gmail.com,"657 Manor Station Dr. ",Hicksville,NY,11801
592,Joni,Lee,NULL,joni.lee@gmail.com,"8573 Proctor Street ",Centereach,NY,11720
597,Rudolf,Moran,NULL,rudolf.moran@gmail.com,"5 Birchwood Rd. ",Maspeth,NY,11378
598,Benito,Hendrix,NULL,benito.hendrix@gmail.com,"676 S. Bowman Lane ",Depew,NY,14043
601,Leland,Mcdowell,NULL,leland.mcdowell@gmail.com,"8034 E. Washington Lane ",Encino,CA,91316
603,Genevieve,Juarez,NULL,genevieve.juarez@gmail.com,"93 Goldfield Drive ","New Hyde Park",NY,11040
604,Kylee,Dickson,NULL,kylee.dickson@gmail.com,"7908 Sherwood Street ",Amityville,NY,11701
607,Paul,Lester,NULL,paul.lester@gmail.com,"275 Clay St. ",Vista,CA,92083
611,Ashleigh,Frank,NULL,ashleigh.frank@gmail.com,"9008 Plymouth Street ",Levittown,NY,11756
614,Toshia,Cardenas,NULL,toshia.cardenas@gmail.com,"878 Bayberry Street ",Amsterdam,NY,12010
615,Jamika,Blanchard,NULL,jamika.blanchard@gmail.com,"420 Cambridge Street ","Fresh Meadows",NY,11365
620,Eric,Hardin,NULL,eric.hardin@gmail.com,"39 S. Parker Drive ",Jamaica,NY,11432
622,Gabriel,Pitts,NULL,gabriel.pitts@gmail.com,"8462 Marshall Drive ","Clifton Park",NY,12065
624,Sharika,Colon,"(562) 452-6136",sharika.colon@gmail.com,"509 Henry Smith St. ","Long Beach",NY,11561
630,Zulema,Browning,NULL,zulema.browning@gmail.com,"12 NW. Lafayette St. ",Amsterdam,NY,12010
633,Kiara,Deleon,"(657) 378-8011",kiara.deleon@gmail.com,"164 Addison Drive ",Anaheim,CA,92806
634,Taylor,Cole,NULL,taylor.cole@gmail.com,"9408 Holly Lane ",Carmel,NY,10512
640,Allison,Nolan,"(845) 276-5729",allison.nolan@gmail.com,"7421 Victoria St. ","New City",NY,10956
643,Melba,Wilkinson,NULL,melba.wilkinson@gmail.com,"255 Harvard Dr. ","Floral Park",NY,11001
645,Lewis,Garner,"(631) 871-2512",lewis.garner@gmail.com,"9550 East Greenrose St. ",Brentwood,NY,11717
647,Janelle,Maldonado,NULL,janelle.maldonado@gmail.com,"34 Mammoth Street ","Richmond Hill",NY,11418
654,Eun,Harris,"(619) 378-2432",eun.harris@gmail.com,"623 Jones St. ","San Diego",CA,92111
657,Sam,Lester,NULL,sam.lester@gmail.com,"563 South Beacon Lane ",Baldwin,NY,11510
663,Alissa,Hood,NULL,alissa.hood@gmail.com,"8032 Maple Drive ","New Windsor",NY,12553
670,Shawnda,Glover,NULL,shawnda.glover@gmail.com,"138 Belmont Ave. ",Liverpool,NY,13090
671,Jennette,Baker,NULL,jennette.baker@gmail.com,"798 Marvon St. ",Banning,CA,92220
674,Ira,Moore,NULL,ira.moore@gmail.com,"1 Pineknoll Court ","Saratoga Springs",NY,12866
675,Kermit,Bowman,"(915) 996-5952",kermit.bowman@gmail.com,"3 Airport Street ","El Paso",TX,79930
680,Mathilda,Pennington,"(845) 407-9524",mathilda.pennington@gmail.com,"14 S. Argyle Ave. ","New City",NY,10956
682,Arnita,Thomas,NULL,arnita.thomas@gmail.com,"154 2nd St. ","Orchard Park",NY,14127
692,Dorothea,Chang,NULL,dorothea.chang@gmail.com,"75 Oak Ave. ",Astoria,NY,11102
694,Lanie,Dunn,NULL,lanie.dunn@gmail.com,"7583 Pilgrim Ave. ","North Tonawanda",NY,14120
713,Ilona,Spears,NULL,ilona.spears@gmail.com,"984 Canterbury Lane ","Port Jefferson Station",NY,11776
720,Devin,Shaffer,"(507) 557-2191",devin.shaffer@gmail.com,"382 Third Ave. ",Rochester,NY,14606
745,Carolyne,Conley,NULL,carolyne.conley@gmail.com,"431 Lees Creek Drive ","Floral Park",NY,11001
747,Margret,Barnett,NULL,margret.barnett@gmail.com,"7509 Depot Rd. ",Forney,TX,75126
753,Mandi,Gibbs,NULL,mandi.gibbs@gmail.com,"80 Sycamore Drive ","East Elmhurst",NY,11369
757,Lamar,Greer,NULL,lamar.greer@gmail.com,"7909 Golden Star Ave. ",Levittown,NY,11756
759,Cira,Downs,"(510) 788-4456",cira.downs@gmail.com,"672 Sussex Ave. ",Oakland,CA,94603
762,Quyen,Houston,NULL,quyen.houston@gmail.com,"7758 Homewood Dr. ","Central Islip",NY,11722
763,Han,Schneider,NULL,han.schneider@gmail.com,"40 Holly Street ",Elmhurst,NY,11373
768,Yvone,Yates,NULL,yvone.yates@gmail.com,"9269 Blue Spring Ave. ","San Pablo",CA,94806
770,Lavonda,Stephenson,NULL,lavonda.stephenson@gmail.com,"37 Birchwood Dr. ","Bay Shore",NY,11706
776,Angelique,Merrill,NULL,angelique.merrill@gmail.com,"8490 West High Noon Ave. ","South El Monte",CA,91733
790,Petronila,Gallegos,NULL,petronila.gallegos@gmail.com,"8053 Aspen St. ","Howard Beach",NY,11414
793,Chantay,Maynard,NULL,chantay.maynard@gmail.com,"7483 1st Ave. ",Elmhurst,NY,11373
796,Rosalie,Coffey,NULL,rosalie.coffey@gmail.com,"789 Amerige Dr. ",Upland,CA,91784
801,Ophelia,Rodgers,NULL,ophelia.rodgers@gmail.com,"133 Joy Ridge Drive ","Hopewell Junction",NY,12533
811,Shanti,Johnston,NULL,shanti.johnston@gmail.com,"722 Alderwood Drive ","Staten Island",NY,10301
817,Zelda,Pratt,"(717) 428-4018",zelda.pratt@gmail.com,"74 Trusel Drive ",Lancaster,NY,14086
820,Sandy,Mills,NULL,sandy.mills@gmail.com,"333 Olive Ave. ",Schenectady,NY,12302
822,Kristy,Watkins,NULL,kristy.watkins@gmail.com,"977 South Brook Ave. ","Howard Beach",NY,11414
829,Marcy,Rodriguez,NULL,marcy.rodriguez@gmail.com,"97 Trusel Drive ",Lockport,NY,14094
830,Edmund,Gaines,NULL,edmund.gaines@gmail.com,"8643 Gartner St. ","Copperas Cove",TX,76522
832,Pamala,Fowler,NULL,pamala.fowler@gmail.com,"399 Leatherwood St. ","Ballston Spa",NY,12020
837,Kellye,Campbell,NULL,kellye.campbell@gmail.com,"75 Marsh St. ",Baldwinsville,NY,13027
841,Manie,Maxwell,NULL,manie.maxwell@gmail.com,"85 Brickell Ave. ",Ronkonkoma,NY,11779
845,Kathyrn,Bush,NULL,kathyrn.bush@gmail.com,"90 Devon St. ",Bronx,NY,10451
858,Klara,Kim,NULL,klara.kim@gmail.com,"9660 Sherman Lane ",Rome,NY,13440
870,Dwain,Carlson,NULL,dwain.carlson@gmail.com,"951 North Trusel Ave. ",Smithtown,NY,11787
877,Janine,Manning,NULL,janine.manning@gmail.com,"9118B Campfire St. ","Howard Beach",NY,11414
882,Hilda,Harvey,NULL,hilda.harvey@gmail.com,"9808 W. Cleveland Ave. ","Ballston Spa",NY,12020
883,Gilberte,Duke,"(915) 903-7860",gilberte.duke@gmail.com,"12 Birchwood Dr. ","El Paso",TX,79930
887,Graig,Cannon,NULL,graig.cannon@gmail.com,"36 Oklahoma Ave. ",Syosset,NY,11791
894,Nathaniel,Richard,NULL,nathaniel.richard@gmail.com,"3 Nicolls Lane ","New Windsor",NY,12553
897,Bettyann,Acosta,"(717) 746-6658",bettyann.acosta@gmail.com,"7949 Chapel St. ",Lancaster,NY,14086
902,Elease,Dejesus,NULL,elease.dejesus@gmail.com,"7800 Magnolia Street ",Oswego,NY,13126
924,Lea,Irwin,NULL,lea.irwin@gmail.com,"845 Adams Lane ","New Windsor",NY,12553
928,Joann,Barber,NULL,joann.barber@gmail.com,"8945 Courtland Street ","Santa Monica",CA,90403
929,Thurman,Ellis,NULL,thurman.ellis@gmail.com,"20 Augusta Road ",Pleasanton,CA,94566
936,Sherilyn,Wilcox,NULL,sherilyn.wilcox@gmail.com,"905 North Buckingham Lane ",Ossining,NY,10562
937,Aida,Koch,NULL,aida.koch@gmail.com,"9778 3rd Drive ","West Hempstead",NY,11552
938,Emory,O'connor,"(507) 606-2192",emory.o'connor@gmail.com,"34 Foxrun Street ",Rochester,NY,14606
948,Siobhan,Lang,NULL,siobhan.lang@gmail.com,"3 Monroe Lane ",Levittown,NY,11756
951,Steve,Bender,NULL,steve.bender@gmail.com,"908 N. Pennington Dr. ",Scarsdale,NY,10583
958,Ciera,Koch,NULL,ciera.koch@gmail.com,"881 Lawrence Drive ",Euless,TX,76039
960,Arline,Lawson,"(516) 792-3395",arline.lawson@gmail.com,"48 Whitemarsh Lane ",Hempstead,NY,11550
962,Maple,Griffin,NULL,maple.griffin@gmail.com,"20 Glendale Drive ","Copperas Cove",TX,76522
966,Novella,Patel,NULL,novella.patel@gmail.com,"500 Livingston Street ","Glen Cove",NY,11542
970,Ruth,Horton,NULL,ruth.horton@gmail.com,"488 Mulberry Ave. ",Hollis,NY,11423
971,Samual,Warner,"(631) 151-4988",samual.warner@gmail.com,"8735 Thatcher Dr. ",Brentwood,NY,11717
974,Marcell,Barrett,NULL,marcell.barrett@gmail.com,"266 Elm Drive ",Astoria,NY,11102
984,Ivette,Warren,NULL,ivette.warren@gmail.com,"8408 Thomas Street ","Franklin Square",NY,11010
992,Chere,Alston,NULL,chere.alston@gmail.com,"16 Lower River Street ",Patchogue,NY,11772
993,Giovanna,Jefferson,NULL,giovanna.jefferson@gmail.com,"9394 Riverside St. ",Ridgecrest,CA,93555
994,Demarcus,Reese,NULL,demarcus.reese@gmail.com,"8087 Armstrong Dr. ","Yorktown Heights",NY,10598
996,Serafina,Clemons,NULL,serafina.clemons@gmail.com,"851 Brown Ave. ",Shirley,NY,11967
1001,Lee,Roman,"(631) 913-6967",lee.roman@gmail.com,"4 Canal Ave. ",Brentwood,NY,11717
1019,Janie,Herrera,NULL,janie.herrera@gmail.com,"652 Westport Street ",Elmhurst,NY,11373
1022,Hye,Mercer,NULL,hye.mercer@gmail.com,"9681 Redwood St. ",Mahopac,NY,10541
1029,Ping,Quinn,NULL,ping.quinn@gmail.com,"9051 Hanover Dr. ",Rowlett,TX,75088
1036,Randee,Lester,NULL,randee.lester@gmail.com,"81 Bear Hill Street ",Centereach,NY,11720
1043,Diane,Jones,NULL,diane.jones@gmail.com,"859 Prince St. ","Fresh Meadows",NY,11365
1052,Zora,Ford,"(916) 192-3196",zora.ford@gmail.com,"7416 La Sierra Dr. ",Sacramento,CA,95820
1057,Conchita,Boone,NULL,conchita.boone@gmail.com,"814 Birchpond Lane ","Mount Vernon",NY,10550
1058,Aisha,Woods,NULL,aisha.woods@gmail.com,"9292 Bear Hill Ave. ",Webster,NY,14580
1064,Patsy,Russo,NULL,patsy.russo@gmail.com,"8438 Fairway Avenue ",Rowlett,TX,75088
1068,Doris,Kaufman,NULL,doris.kaufman@gmail.com,"69 Fairground Dr. ",Duarte,CA,91010
1069,Rodolfo,Buck,NULL,rodolfo.buck@gmail.com,"8359 Brewery Street ",Shirley,NY,11967
1075,Dann,Huff,NULL,dann.huff@gmail.com,"475 S. Rockville St. ","Huntington Station",NY,11746
1076,Sherise,Mercer,NULL,sherise.mercer@gmail.com,"9401 Catherine Dr. ",Vista,CA,92083
1077,Heather,Perry,NULL,heather.perry@gmail.com,"982 Durham Street ",Sunnyside,NY,11104
1081,Carson,Macias,NULL,carson.macias@gmail.com,"7 Pennington St. ","New Rochelle",NY,10801
1082,Divina,Madden,"(562) 264-3998",divina.madden@gmail.com,"7314 Armstrong St. ","Long Beach",NY,11561
1087,Willow,Gardner,NULL,willow.gardner@gmail.com,"57 S. Lakewood Dr. ",Pleasanton,CA,94566
1097,Collen,Dennis,NULL,collen.dennis@gmail.com,"284 E. Mill Street ","San Pablo",CA,94806
1105,Armando,Black,NULL,armando.black@gmail.com,"8611 N. Poor House St. ",Richardson,TX,75080
1108,Bao,Wade,NULL,bao.wade@gmail.com,"7587 Church St. ",Desoto,TX,75115
1109,Gussie,Harding,NULL,gussie.harding@gmail.com,"41 Edgefield Avenue ","Deer Park",NY,11729
1117,Jeffrey,Hill,NULL,jeffrey.hill@gmail.com,"2 Shub Farm St. ",Rosedale,NY,11422
1120,Karole,Alvarez,NULL,karole.alvarez@gmail.com,"69 Woodland St. ","East Northport",NY,11731
1125,Caleb,England,NULL,caleb.england@gmail.com,"649 Marvon St. ",Pleasanton,CA,94566
1126,Elmira,Levy,NULL,elmira.levy@gmail.com,"6 Columbia Dr. ","Spring Valley",NY,10977
1132,Parthenia,Holman,NULL,parthenia.holman@gmail.com,"17 Orange Court ",Ithaca,NY,14850
1135,Alisia,Albert,NULL,alisia.albert@gmail.com,"9490 Coffee St. ",Garland,TX,75043
1141,Mallie,Osborn,NULL,mallie.osborn@gmail.com,"9022 Bridgeton St. ",Newburgh,NY,12550
1143,Sommer,Hopkins,NULL,sommer.hopkins@gmail.com,"827 Laurel Ave. ",Tonawanda,NY,14150
1145,Deandrea,Vega,"(914) 818-7312",deandrea.vega@gmail.com,"613 Mill Pond St. ",Yonkers,NY,10701
1147,Kandace,Ayers,NULL,kandace.ayers@gmail.com,"9005 Lookout Lane ","Santa Monica",CA,90403
1151,Herminia,Reyes,NULL,herminia.reyes@gmail.com,"782 Stonybrook Street ",Centereach,NY,11720
1154,Barry,Albert,NULL,barry.albert@gmail.com,"13 Grand St. ",Auburn,NY,13021
1160,Efren,Whitfield,NULL,efren.whitfield@gmail.com,"139 Union Rd. ",Euless,TX,76039
1161,Santa,Larson,NULL,santa.larson@gmail.com,"5 Bellevue Dr. ","Valley Stream",NY,11580
1164,Patrina,Tanner,NULL,patrina.tanner@gmail.com,"7136 Selby Road ",Scarsdale,NY,10583
1166,Junita,Reese,NULL,junita.reese@gmail.com,"8773 North Walt Whitman Court ","Bay Shore",NY,11706
1169,Beatris,Joyner,NULL,beatris.joyner@gmail.com,"7463 Gonzales Rd. ","Spring Valley",NY,10977
1170,Mechelle,Chan,NULL,mechelle.chan@gmail.com,"458 Overlook Street ","Richmond Hill",NY,11418
1175,Sindy,Anderson,NULL,sindy.anderson@gmail.com,"543 Halifax Ave. ",Pomona,CA,91768
1176,Sheree,Blanchard,NULL,sheree.blanchard@gmail.com,"41 Glenwood Ave. ",Queensbury,NY,12804
1192,Gena,Owens,NULL,gena.owens@gmail.com,"43 Buckingham St. ",Desoto,TX,75115
1197,Nakisha,Clay,NULL,nakisha.clay@gmail.com,"8996 Beechwood Ave. ","Port Washington",NY,11050
1205,Emmaline,Huber,NULL,emmaline.huber@gmail.com,"7975 Harrison Rd. ","Mount Vernon",NY,10550
1211,Brenton,Whitaker,NULL,brenton.whitaker@gmail.com,"25 Elmwood Rd. ","Niagara Falls",NY,14304
1213,Yang,Giles,NULL,yang.giles@gmail.com,"25 Bridle Lane ","San Angelo",TX,76901
1215,Karl,Stephens,NULL,karl.stephens@gmail.com,"208 Thatcher Rd. ","Rockville Centre",NY,11570
1219,Alden,Atkinson,NULL,alden.atkinson@gmail.com,"46 Valley St. ",Shirley,NY,11967
1221,Joy,Underwood,NULL,joy.underwood@gmail.com,"7297 Armstrong Dr. ","Apple Valley",CA,92307
1224,Abram,Copeland,NULL,abram.copeland@gmail.com,"9782 Indian Spring Lane ",Harlingen,TX,78552
1226,Qiana,Jackson,NULL,qiana.jackson@gmail.com,"56 Galvin Street ","East Northport",NY,11731
1229,Carina,Lynch,NULL,carina.lynch@gmail.com,"64 Jennings Road ","Wappingers Falls",NY,12590
1231,Selene,Vega,NULL,selene.vega@gmail.com,"11 Sierra St. ",Campbell,CA,95008
1233,Lise,Hebert,NULL,lise.hebert@gmail.com,"140 East Broad Lane ",Vista,CA,92083
1249,Barbra,Dickerson,NULL,barbra.dickerson@gmail.com,"8424 E. Rockcrest Dr. ",Ridgecrest,CA,93555
1250,Neoma,Daugherty,NULL,neoma.daugherty@gmail.com,"80 Spring Street ","Mount Vernon",NY,10550
1255,Ben,Stone,NULL,ben.stone@gmail.com,"8855 University St. ",Ithaca,NY,14850
1262,Brianne,Hays,NULL,brianne.hays@gmail.com,"88 Tailwater Ave. ","San Pablo",CA,94806
1267,Earline,Gordon,NULL,earline.gordon@gmail.com,"81 Railroad Drive ",Ronkonkoma,NY,11779
1268,Sung,Chambers,NULL,sung.chambers@gmail.com,"369 N. Virginia Street ",Kingston,NY,12401
1274,Odette,Moses,NULL,odette.moses@gmail.com,"899 Overlook Lane ",Newburgh,NY,12550
1290,Minnie,Compton,NULL,minnie.compton@gmail.com,"185 Hudson Street ","South Richmond Hill",NY,11419
1294,Edith,Davenport,NULL,edith.davenport@gmail.com,"685 Alton Road ",Ontario,CA,91762
1297,Vanessa,West,NULL,vanessa.west@gmail.com,"34 Prairie Lane ","New Rochelle",NY,10801
1302,Verda,Gilbert,NULL,verda.gilbert@gmail.com,"54 Hillcrest Drive ","East Northport",NY,11731
1315,Omega,Johnston,NULL,omega.johnston@gmail.com,"9935 Tarkiln Hill St. ","Canyon Country",CA,91387
1317,Glady,Wells,NULL,glady.wells@gmail.com,"627 Ramblewood Ave. ",Syosset,NY,11791
1320,Obdulia,Barber,NULL,obdulia.barber@gmail.com,"878 Lexington Rd. ",Newburgh,NY,12550
1325,Magdalena,Sherman,NULL,magdalena.sherman@gmail.com,"176 Sunbeam St. ",Oswego,NY,13126
1332,Novella,Ross,NULL,novella.ross@gmail.com,"9418 Acacia Drive ",Glendora,CA,91740
1336,Joe,Melton,NULL,joe.melton@gmail.com,"8998 Hartford Street ","New Windsor",NY,12553
1338,Inez,Snider,NULL,inez.snider@gmail.com,"837 Catherine Lane ",Ronkonkoma,NY,11779
1358,Noble,Glover,NULL,noble.glover@gmail.com,"728 W. Rocky River Street ","Orchard Park",NY,14127
1365,Shenna,Espinoza,NULL,shenna.espinoza@gmail.com,"202 North George Street ",Queensbury,NY,12804
1370,Rona,Rojas,"(408) 611-3553",rona.rojas@gmail.com,"815 Riverview St. ","San Jose",CA,95127
1375,Carlena,Salinas,NULL,carlena.salinas@gmail.com,"1 Wagon Street ",Jamaica,NY,11432
1377,Johana,Jacobson,"(507) 407-9384",johana.jacobson@gmail.com,"29 San Juan St. ",Rochester,NY,14606
1379,Dorine,Thornton,NULL,dorine.thornton@gmail.com,"8730 N. Atlantic Street ",Sunnyside,NY,11104
1385,Kenton,Hughes,NULL,kenton.hughes@gmail.com,"632 Sleepy Hollow Drive ",Canandaigua,NY,14424
1391,Sheryl,Chase,NULL,sheryl.chase@gmail.com,"388 Cedar Avenue ","Floral Park",NY,11001
1392,Trista,Lambert,NULL,trista.lambert@gmail.com,"79 River Street ",Fairport,NY,14450
1396,Delma,Bailey,"(657) 454-8493",delma.bailey@gmail.com,"9883 West King Lane ",Anaheim,CA,92806
1403,Mila,Moody,"(248) 234-5902",mila.moody@gmail.com,"675 Williams St. ",Troy,NY,12180
1415,Harold,O'connor,NULL,harold.o'connor@gmail.com,"9530 Summerhouse Street ","Santa Cruz",CA,95060
1416,Miranda,Kennedy,NULL,miranda.kennedy@gmail.com,"726 East High St. ",Astoria,NY,11102
1429,Lorrie,Justice,NULL,lorrie.justice@gmail.com,"8396 Brook Drive ",Pomona,CA,91768
1442,Cassie,Cline,NULL,cassie.cline@gmail.com,"947 Lafayette Drive ",Brooklyn,NY,11201
1443,Lezlie,Lamb,NULL,lezlie.lamb@gmail.com,"401 Brandywine Street ","Central Islip",NY,11722
1444,Ivette,Estes,NULL,ivette.estes@gmail.com,"88 N. Canterbury Ave. ",Canandaigua,NY,14424
1445,Ester,Acevedo,NULL,ester.acevedo@gmail.com,"671 Miles Court ","San Lorenzo",CA,94580
